{
  "id": "63a56facdfc68e59d56f3031",
  "record": [
    {
      "surname": "Popescu",
      "name": "Ion",
      "CNP": "1780906145667",
      "testResult": {
        "result": "negativ",
        "date": "10.10.2020",
        "type": "PCR",
        "location": {
          "city": "Bucharest",
          "county": "sector 6",
          "street": "Zambilelor",
          "number": "20"
        }
      }
    },
    {
      "surname": "Ionescu",
      "name": "Ana",
      "CNP": "2880705145620",
      "testResult": {
        "result": "negativ",
        "date": "11.10.2020",
        "type": "PCR",
        "location": {
          "city": "Bucharest",
          "county": "sector 6",
          "street": "Zambilelor",
          "number": "20"
        }
      }
    },
    {
      "surname": "Grigorescu",
      "name": "Andrei",
      "CNP": "1680103145677",
      "testResult": {
        "result": "positive",
        "date": "11.10.2020",
        "type": "PCR",
        "location": {
          "city": "Bucharest",
          "county": "sector 6",
          "street": "Zambilelor",
          "number": "20"
        }
      }
    },
    {
      "surname": "Enescu",
      "name": "Andreea",
      "CNP": "2980906145653",
      "testResult": {
        "result": "negativ",
        "date": "10.10.2020",
        "type": "PCR",
        "location": {
          "city": "Bucharest",
          "county": "sector 3",
          "street": "Ion Creanga",
          "number": "17"
        }
      }
    },
    {
      "surname": "Popescu",
      "name": "Marcel",
      "CNP": "1580906145632",
      "testResult": {
        "result": "positive",
        "date": "12.11.2020",
        "type": "PCR",
        "location": {
          "city": "Bucharest",
          "county": "sector 3",
          "street": "Ion Creanga",
          "number": "17"
        }
      }
    }
  ],
  "metadata": {
    "name": "tests COVID-19",
    "readCountRemaining": 95,
    "timeToExpire": 66743,
    "createdAt": "2022-12-23T09:06:52.835Z"
  }
}